STN_ID,STATION_NAME,PROV_STATE_TERR_CODE,ENG_PROV_NAME,FRE_PROV_NAME,COUNTRY,LATITUDE,LONGITUDE,TIMEZONE,ELEVATION,CLIMATE_IDENTIFIER,TC_IDENTIFIER,WMO_IDENTIFIER,STATION_TYPE,NORMAL_CODE,PUBLICATION_CODE,DISPLAY_CODE,ENG_STN_OPERATOR_ACRONYM,FRE_STN_OPERATOR_ACRONYM,ENG_STN_OPERATOR_NAME,FRE_STN_OPERATOR_NAME,FIRST_DATE,LAST_DATE,HLY_FIRST_DATE,HLY_LAST_DATE,DLY_FIRST_DATE,DLY_LAST_DATE,MLY_FIRST_DATE,MLY_LAST_DATE,HAS_MONTHLY_SUMMARY,HAS_NORMALS_DATA,HAS_HOURLY_DATA,,
5237,L'ASSOMPTION,QC,QUEBEC,QUÉBEC,CAN,45.809444444444445,-73.43472222,EST,21,7014160,WEW,71524,Climate-Auto,C,1,4,ECCC - MSC,ECCC - SMC,Environment and Climate Change Canada - Meteorological Service of Canada,Environnement et Changement climatique Canada - Service météorologique du Canada,1930-01-01 00:00,2025-11-06 12:30,1994-09-07 08:00,2025-11-06 12:30,1930-01-01 00:00,2025-11-06 00:00,1930-01-01 00:00,1994-12-01 00:00,Y,N,Y,,
5293,VALCARTIER A,QC,QUEBEC,QUÉBEC,CAN,46.90277777777778,-71.50361111,EST,167.6,7018574,YOY,71716,N/A,G,1,8,DND,MDN,Department of National Defence,Ministère de la Défense nationale,1978-01-01 00:00,2025-11-06 12:30,1978-07-05 05:00,2025-11-06 12:30,1978-02-01 00:00,1981-04-30 00:00,1978-01-01 00:00,1981-12-01 00:00,Y,N,Y,,
5397,LENNOXVILLE,QC,QUEBEC,QUÉBEC,CAN,45.36888888888889,-71.82361111,EST,181,7024280,WQH,71611,Climate-Auto,C,1,4,ECCC - MSC,ECCC - SMC,Environment and Climate Change Canada - Meteorological Service of Canada,Environnement et Changement climatique Canada - Service météorologique du Canada,1888-01-01 00:00:00,2025-11-06 12:30,1994-03-14 20:00,2025-11-06 12:30,1888-11-01 00:00:00,2025-11-06 00:00,1888-01-01 00:00:00,1995-10-01 00:00,Y,N,N,,
5606,MANIWAKI AIRPORT,QC,QUEBEC,QUÉBEC,CAN,46.27472222222222,-75.99194444,EST,199.7,7034482,WMJ,71721,Climate-Auto,,,,ECCC - MSC,ECCC - SMC,Environment and Climate Change Canada - Meteorological Service of Canada,Environnement et Changement climatique Canada - Service météorologique du Canada,1972-01-01 00:00,2025-11-06 12:30,1994-02-01 02:00,2025-11-06 12:30,1993-06-21 00:00,2025-11-06 00:00,1972-01-01 00:00,2005-12-01 00:00,Y,N,Y,,
5672,CAPE WHITTLE,QC,QUEBEC,QUÉBEC,CAN,50.16305555555556,-60.06166667,EST,7,7041100,WQW,71374,Climate-Auto,,1,9,ECCC - MSC,ECCC - SMC,Environment and Climate Change Canada - Meteorological Service of Canada,Environnement et Changement climatique Canada - Service météorologique du Canada,1963-01-01 00:00,2025-11-06 12:30,1994-02-03 10:00,2025-11-06 12:30,1963-09-01 00:00,2025-11-06 00:00,1963-01-01 00:00,1968-12-01 00:00,Y,N,N,,
5889,BAGOTVILLE A,QC,QUEBEC,QUÉBEC,CAN,48.333333333333336,-71,EST,159.1,7060400,YBG,71727,N/A,A,1,1,DND,MDN,Department of National Defence,Ministère de la Défense nationale,1942-01-01 00:00,2025-11-06 12:30,1953-01-01 00:00,2025-11-06 12:30,1942-09-01 00:00,2025-11-06 00:00,1942-01-01 00:00,2017-12-01 00:00,Y,Y,Y,,
5903,CHUTE-DES-PASSES,QC,QUEBEC,QUÉBEC,CAN,49.84027777777778,-71.16833333,EST,398.2,7061541,WDT,71522,Climate-Auto,G,1,8,ECCC - MSC,ECCC - SMC,Environment and Climate Change Canada - Meteorological Service of Canada,Environnement et Changement climatique Canada - Service météorologique du Canada,1960-01-01 00:00,2025-11-06 12:30,1994-08-01 08:00,2025-11-06 12:30,1960-03-01 00:00,2025-11-06 00:00,1960-01-01 00:00,1976-12-01 00:00,Y,N,N,,
5911,JONQUIERE,QC,QUEBEC,QUÉBEC,CAN,48.425003333333336,-71.14250028,EST,135.6,7063370,WJO,71617,Climate-Auto,G,1,8,ECCC - MSC,ECCC - SMC,Environment and Climate Change Canada - Meteorological Service of Canada,Environnement et Changement climatique Canada - Service météorologique du Canada,1963-01-01 00:00,2025-11-06 12:30,1994-02-01 02:00,2025-11-06 12:30,1963-01-01 00:00,2025-11-06 00:00,1963-01-01 00:00,1975-12-01 00:00,Y,N,Y,,
5966,PARENT,QC,QUEBEC,QUÉBEC,CAN,47.922224444444446,-74.62416861,EST,444.7,7075800,WPK,71726,Climate-Auto,F,1,7,ECCC - MSC,ECCC - SMC,Environment and Climate Change Canada - Meteorological Service of Canada,Environnement et Changement climatique Canada - Service météorologique du Canada,1943-01-01 00:00,2025-11-06 12:30,1953-01-01 07:00,2025-11-06 12:30,1943-07-01 00:00,2025-11-06 00:00,1943-01-01 00:00,1978-12-01 00:00,Y,N,Y,,
5977,BARRAGE TEMISCAMINGUE,QC,QUEBEC,QUÉBEC,CAN,46.709722222222226,-79.10111111,EST,181.4,7080468,WBA,71732,Climate-Auto,C,1,4,ECCC - MSC,ECCC - SMC,Environment and Climate Change Canada - Meteorological Service of Canada,Environnement et Changement climatique Canada - Service météorologique du Canada,1910-01-01 00:00,2025-11-06 12:30,1997-09-24 14:00,2025-11-06 12:30,1910-04-01 00:00,2025-11-06 00:00,1910-01-01 00:00,1995-10-01 00:00,Y,N,N,,
8321,TROIS-RIVIERES,QC,QUEBEC,QUÉBEC,CAN,46.36666666666667,-72.68333333,EST,62.2,7018563,GRQ,71729,Climate-Auto,,,,ECCC - MSC,ECCC - SMC,Environment and Climate Change Canada - Meteorological Service of Canada,Environnement et Changement climatique Canada - Service météorologique du Canada,1963-09-03 01:00,2025-11-06 12:30,1963-09-03 01:00,2025-11-06 12:30,2004-11-02 00:00,2025-11-06 00:00,,,Y,N,Y,,
8404,LAC EON,QC,QUEBEC,QUÉBEC,CAN,51.867222222222225,-63.28361111,EST,588.9,704C64L,WEO,71421,Climate-Auto,,,,ECCC - MSC,ECCC - SMC,Environment and Climate Change Canada - Meteorological Service of Canada,Environnement et Changement climatique Canada - Service météorologique du Canada,1993-03-22 00:00,2025-11-06 12:30,1994-02-01 01:50,2025-11-06 12:30,1993-03-22 00:00,2025-11-06 00:00,,,Y,N,Y,,
8456,CHEVERY,QC,QUEBEC,QUÉBEC,CAN,50.465,-59.63944444,EST,7.7,7041382,WDM,71814,Climate-Auto,,,,ECCC - MSC,ECCC - SMC,Environment and Climate Change Canada - Meteorological Service of Canada,Environnement et Changement climatique Canada - Service météorologique du Canada,1992-12-02 00:00,2025-11-06 12:30,1994-02-01 02:00,2025-11-06 12:30,1992-12-02 00:00,2025-11-06 00:00,,,Y,N,Y,,
8536,PORT-MENIER,QC,QUEBEC,QUÉBEC,CAN,49.83861111111111,-64.29333333,EST,55.2,7056202,WBY,71810,Climate-Auto,,,,ECCC - MSC,ECCC - SMC,Environment and Climate Change Canada - Meteorological Service of Canada,Environnement et Changement climatique Canada - Service météorologique du Canada,1992-12-02 00:00,2025-11-06 12:30,1994-02-01 02:00,2025-11-06 12:30,1992-12-02 00:00,2025-11-06 00:00,,,Y,N,Y,,
8539,RIVIERE-DU-LOUP,QC,QUEBEC,QUÉBEC,CAN,47.80583333333333,-69.54861111,EST,146.5,7056616,WNH,71715,Climate-Auto,,,,ECCC - MSC,ECCC - SMC,Environment and Climate Change Canada - Meteorological Service of Canada,Environnement et Changement climatique Canada - Service météorologique du Canada,1992-12-02 00:00,2025-11-06 12:30,1994-02-01 02:00,2025-11-06 12:30,1992-12-02 00:00,2025-11-06 00:00,,,Y,N,Y,,
8674,ILE ROUGE,QC,QUEBEC,QUÉBEC,CAN,48.068888888888885,-69.55555556,EST,5.9,7043BP9,WAF,71426,Climate-Auto,,,,ECCC - MSC,ECCC - SMC,Environment and Climate Change Canada - Meteorological Service of Canada,Environnement et Changement climatique Canada - Service météorologique du Canada,1993-03-22 00:00,2025-11-06 12:30,1994-02-01 01:32,2025-11-06 12:30,1993-03-22 00:00,2025-11-06 00:00,,,Y,N,Y,,
8989,ILE D'ORLEANS,QC,QUEBEC,QUÉBEC,CAN,46.99666666666667,-70.80833333,EST,3.6,70132G9,WER,71424,Climate-Auto,,,,ECCC - MSC,ECCC - SMC,Environment and Climate Change Canada - Meteorological Service of Canada,Environnement et Changement climatique Canada - Service météorologique du Canada,1992-12-05 00:00,2025-11-06 12:30,1994-02-01 02:00,2025-11-06 12:30,1992-12-05 00:00,2025-11-06 00:00,,,Y,N,N,,
8999,CAP-MADELEINE,QC,QUEBEC,QUÉBEC,CAN,49.25083333333333,-65.32472222,EST,29,7051163,WSF,71425,Climate-Auto,,,,ECCC - MSC,ECCC - SMC,Environment and Climate Change Canada - Meteorological Service of Canada,Environnement et Changement climatique Canada - Service météorologique du Canada,1992-12-30 00:00,2025-11-06 12:30,1994-02-01 02:00,2025-11-06 12:30,1992-12-30 00:00,2025-11-06 00:00,,,Y,N,Y,,
9001,CAP-D'ESPOIR,QC,QUEBEC,QUÉBEC,CAN,48.419444444444444,-64.31694444,EST,15.4,7051050,WRZ,71429,Climate-Auto,,,,ECCC - MSC,ECCC - SMC,Environment and Climate Change Canada - Meteorological Service of Canada,Environnement et Changement climatique Canada - Service météorologique du Canada,1992-12-02 00:00,2025-11-06 12:30,1994-02-01 02:00,2025-11-06 12:30,1992-12-02 00:00,2025-11-06 00:00,,,Y,N,Y,,
9029,POINTE-DES-MONTS,QC,QUEBEC,QUÉBEC,CAN,49.31666666666667,-67.38111111,EST,5.9,704F0PN,WTG,71427,Climate-Auto,,,,ECCC - MSC,ECCC - SMC,Environment and Climate Change Canada - Meteorological Service of Canada,Environnement et Changement climatique Canada - Service météorologique du Canada,1992-12-02 00:00,2025-11-06 12:30,1994-02-01 02:00,2025-11-06 12:30,1992-12-02 00:00,2025-11-06 00:00,,,Y,N,Y,,
10247,ILE AUX GRUES,QC,QUEBEC,QUÉBEC,CAN,47.07361111111111,-70.53305556,EST,18.3,701LBPH,WIG,,Climate-Auto,,,,ECCC - MSC,ECCC - SMC,Environment and Climate Change Canada - Meteorological Service of Canada,Environnement et Changement climatique Canada - Service météorologique du Canada,1994-02-01 02:00,2025-11-06 12:30,1994-02-01 02:00,2025-11-06 12:30,2018-05-14 00:00,2025-11-06 00:00,,,,,,,
10732,NICOLET,QC,QUEBEC,QUÉBEC,CAN,46.225833333333334,-72.65722222,EST,8,7025442,WNQ,71723,Climate-Auto,,,,ECCC - MSC,ECCC - SMC,Environment and Climate Change Canada - Meteorological Service of Canada,Environnement et Changement climatique Canada - Service météorologique du Canada,1993-08-31 00:00,2025-11-06 12:30,1994-02-01 02:00,2025-11-06 12:30,1993-08-31 00:00,2025-11-06 00:00,,,Y,N,N,,
10761,MCTAVISH,QC,QUEBEC,QUÉBEC,CAN,45.50474166666667,-73.57916667,EST,72.8,7024745,WTA,71612,Climate-Auto,,,,ECCC - MSC,ECCC - SMC,Environment and Climate Change Canada - Meteorological Service of Canada,Environnement et Changement climatique Canada - Service météorologique du Canada,1994-02-01 02:00,2025-11-06 12:30,1994-02-01 02:00,2025-11-06 12:30,1994-07-26 00:00,2025-11-06 00:00,,,Y,N,N,,
10762,STE-CLOTILDE,QC,QUEBEC,QUÉBEC,CAN,45.16722222222222,-73.67888889,EST,53,7027039,WIT,71614,Climate-Auto,,,,ECCC - MSC,ECCC - SMC,Environment and Climate Change Canada - Meteorological Service of Canada,Environnement et Changement climatique Canada - Service météorologique du Canada,1993-08-31 00:00,2025-11-06 12:30,1994-02-01 02:00,2025-11-06 12:30,1993-08-31 00:00,2025-11-06 00:00,,,Y,N,Y,,
10763,ILES DE LA MADELEINE,QC,QUEBEC,QUÉBEC,CAN,47.42527777777778,-61.77472222,AST,7.6,7053KGR,WGR,71710,Climate-Auto,,,,ECCC - MSC,ECCC - SMC,Environment and Climate Change Canada - Meteorological Service of Canada,Environnement et Changement climatique Canada - Service météorologique du Canada,1993-09-30 20:00,2025-11-06 12:30,1993-09-30 20:00,2025-11-06 12:30,1995-03-01 00:00,2025-11-06 00:00,,,Y,N,Y,,
10764,TROIS-RIVIERES,QC,QUEBEC,QUÉBEC,CAN,46.353611111111114,-72.51611111,EST,6,7018562,WTY,71724,Climate-Auto,,,,ECCC - MSC,ECCC - SMC,Environment and Climate Change Canada - Meteorological Service of Canada,Environnement et Changement climatique Canada - Service météorologique du Canada,1993-08-31 00:00,2025-11-06 12:30,1994-02-01 02:00,2025-11-06 12:30,1993-08-31 00:00,2025-11-06 00:00,2005-01-01 00:00,2005-12-01 00:00,Y,N,Y,,
10791,MATAGAMI,QC,QUEBEC,QUÉBEC,CAN,49.757783333333336,-77.79307222,EST,281,7094637,GMG,71821,Climate-Auto,,,,ECCC - MSC,ECCC - SMC,Environment and Climate Change Canada - Meteorological Service of Canada,Environnement et Changement climatique Canada - Service météorologique du Canada,1992-12-07 00:00,2025-11-06 12:30,1994-02-01 02:00,2025-11-06 12:30,1992-12-07 00:00,2025-11-06 00:00,,,Y,N,Y,,
10797,MISTOOK,QC,QUEBEC,QUÉBEC,CAN,48.598333333333336,-71.71583333,EST,112.5,7065012,WIX,71381,Climate-Auto,,,,ECCC - MSC,ECCC - SMC,Environment and Climate Change Canada - Meteorological Service of Canada,Environnement et Changement climatique Canada - Service météorologique du Canada,1994-02-01 02:00,2025-11-06 12:30,1994-02-01 02:00,2025-11-06 12:30,1994-12-30 00:00,2025-11-06 00:00,,,Y,N,N,,
10801,LAC MEMPHREMAGOG,QC,QUEBEC,QUÉBEC,CAN,45.266666666666666,-72.16666667,EST,208.7,702CFGG,WTT,,Climate-Auto,,,,ECCC - MSC,ECCC - SMC,Environment and Climate Change Canada - Meteorological Service of Canada,Environnement et Changement climatique Canada - Service météorologique du Canada,1994-02-01 02:00,2025-11-06 12:30,1994-02-01 02:00,2025-11-06 12:30,2018-05-14 00:00,2025-11-06 00:00,,,Y,N,N,,
10815,FRELIGHSBURG,QC,QUEBEC,QUÉBEC,CAN,45.03333333333333,-72.85,EST,224,7022579,WFQ,71373,Climate-Auto,,,,ECCC - MSC,ECCC - SMC,Environment and Climate Change Canada - Meteorological Service of Canada,Environnement et Changement climatique Canada - Service météorologique du Canada,1993-08-31 00:00,2025-11-06 12:30,1994-02-01 02:00,2025-11-06 12:30,1993-08-31 00:00,2025-11-06 00:00,,,Y,N,N,,
10843,L'ACADIE,QC,QUEBEC,QUÉBEC,CAN,45.29388888888889,-73.34944444,EST,43.8,702LED4,WIZ,71372,Climate-Auto,,,,ECCC - MSC,ECCC - SMC,Environment and Climate Change Canada - Meteorological Service of Canada,Environnement et Changement climatique Canada - Service météorologique du Canada,1994-02-01 02:00,2025-11-06 12:30,1994-02-01 02:00,2025-11-06 12:30,1994-07-06 00:00,2025-11-06 00:00,,,Y,N,Y,,
10849,ROUYN,QC,QUEBEC,QUÉBEC,CAN,48.24583333333333,-79.03416667,EST,318,7086716,WUY,71734,Climate-Auto,,,,ECCC - MSC,ECCC - SMC,Environment and Climate Change Canada - Meteorological Service of Canada,Environnement et Changement climatique Canada - Service météorologique du Canada,1994-02-01 02:00,2025-11-06 12:30,1994-02-01 02:00,2025-11-06 12:30,1994-07-26 00:00,2025-11-06 00:00,,,Y,N,Y,,
10869,CAP-TOURMENTE,QC,QUEBEC,QUÉBEC,CAN,47.07861111111111,-70.78083333,EST,6,7041JG6,WTN,71384,Climate-Auto,,,,ECCC - MSC,ECCC - SMC,Environment and Climate Change Canada - Meteorological Service of Canada,Environnement et Changement climatique Canada - Service météorologique du Canada,1993-08-26 00:00,2025-11-06 12:30,1994-02-01 02:00,2025-11-06 12:30,1993-08-26 00:00,2025-11-06 00:00,,,Y,N,N,,
10871,L'ETAPE,QC,QUEBEC,QUÉBEC,CAN,47.562222222222225,-71.22888889,EST,791.2,7015791,WPD,71382,Climate-Auto,,,,ECCC - MSC,ECCC - SMC,Environment and Climate Change Canada - Meteorological Service of Canada,Environnement et Changement climatique Canada - Service météorologique du Canada,1993-08-26 00:00,2025-11-06 12:30,1994-02-01 02:00,2025-11-06 12:30,1993-08-26 00:00,2025-11-06 00:00,2005-01-01 00:00,2005-11-01 00:00,Y,N,N,,
10872,NORMANDIN,QC,QUEBEC,QUÉBEC,CAN,48.84166666666667,-72.54694444,EST,137.2,7065639,WOD,71379,Climate-Auto,,,,ECCC - MSC,ECCC - SMC,Environment and Climate Change Canada - Meteorological Service of Canada,Environnement et Changement climatique Canada - Service météorologique du Canada,1993-08-31 00:00,2025-11-06 12:30,1994-02-01 02:00,2025-11-06 12:30,1993-08-31 00:00,2025-11-06 00:00,,,Y,N,N,,
10873,STE-ANNE-DE-BELLEVUE 1,QC,QUEBEC,QUÉBEC,CAN,45.42722222222222,-73.92916667,EST,39,702FHL8,WVQ,71377,Climate-Auto,,,,ECCC - MSC,ECCC - SMC,Environment and Climate Change Canada - Meteorological Service of Canada,Environnement et Changement climatique Canada - Service météorologique du Canada,1993-08-26 00:00,2025-11-06 12:30,1994-02-01 02:00,2025-11-06 12:30,1993-08-26 00:00,2025-11-06 00:00,,,Y,N,N,,
10874,BONNARD 1,QC,QUEBEC,QUÉBEC,CAN,50.72888888888889,-71.01305556,EST,498,7060826,WKD,71383,Climate-Auto,,,,ECCC - MSC,ECCC - SMC,Environment and Climate Change Canada - Meteorological Service of Canada,Environnement et Changement climatique Canada - Service météorologique du Canada,1994-02-01 02:00,2025-11-06 12:30,1994-02-01 02:00,2025-11-06 12:30,1994-12-30 00:00,2025-11-06 00:00,,,Y,N,N,,
10875,LA TUQUE,QC,QUEBEC,QUÉBEC,CAN,47.41111111111111,-72.7875,EST,168.9,707DBD4,WDQ,71378,Climate-Auto,,,,ECCC - MSC,ECCC - SMC,Environment and Climate Change Canada - Meteorological Service of Canada,Environnement et Changement climatique Canada - Service météorologique du Canada,1994-02-01 01:33,2025-11-06 12:30,1994-02-01 01:33,2025-11-06 12:30,1994-07-06 00:00,2025-11-06 00:00,,,Y,N,Y,,
10898,NEW CARLISLE 1,QC,QUEBEC,QUÉBEC,CAN,48.011944444444445,-65.33166667,EST,46.4,7055422,WOC,71619,Climate-Auto,,,,ECCC - MSC,ECCC - SMC,Environment and Climate Change Canada - Meteorological Service of Canada,Environnement et Changement climatique Canada - Service météorologique du Canada,1993-11-12 00:00,2025-11-06 12:30,1994-02-01 02:00,2025-11-06 12:30,1993-11-12 00:00,2025-11-06 00:00,,,Y,N,N,,
10937,ILE AUX PERROQUETS,QC,QUEBEC,QUÉBEC,CAN,50.22083333333333,-64.20722222,EST,9,7043B79,WQR,71375,Climate-Auto,,,,ECCC - MSC,ECCC - SMC,Environment and Climate Change Canada - Meteorological Service of Canada,Environnement et Changement climatique Canada - Service météorologique du Canada,1994-02-01 07:00,2025-11-06 12:30,1994-02-01 07:00,2025-11-06 12:30,1994-07-14 00:00,2025-11-06 00:00,,,Y,N,N,,
10938,ILE BICQUETTE,QC,QUEBEC,QUÉBEC,CAN,48.41555555555556,-68.89277778,EST,7,705LKPQ,WQO,71385,Climate-Auto,,,,ECCC - MSC,ECCC - SMC,Environment and Climate Change Canada - Meteorological Service of Canada,Environnement et Changement climatique Canada - Service météorologique du Canada,1994-02-03 09:00,2025-11-06 12:30,1994-02-03 09:00,2025-11-06 12:30,1994-07-14 00:00,2025-11-06 00:00,,,Y,N,N,,
10963,CAP-ROUGE,QC,QUEBEC,QUÉBEC,CAN,48.37416666666667,-70.53527778,EST,7.3,7041166,WQM,71186,Climate-Auto,,,,ECCC - MSC,ECCC - SMC,Environment and Climate Change Canada - Meteorological Service of Canada,Environnement et Changement climatique Canada - Service météorologique du Canada,1994-02-03 10:00,2025-11-06 12:30,1994-02-03 10:00,2025-11-06 12:30,1994-07-14 00:00,2025-11-06 00:00,,,Y,N,N,,
10964,POINTE CLAVEAU,QC,QUEBEC,QUÉBEC,CAN,48.26027777777778,-70.11444444,EST,4,704607C,WQV,71189,Climate-Auto,,,,ECCC - MSC,ECCC - SMC,Environment and Climate Change Canada - Meteorological Service of Canada,Environnement et Changement climatique Canada - Service météorologique du Canada,1994-02-01 02:00,2025-11-06 12:30,1994-02-01 02:00,2025-11-06 12:30,1994-07-14 00:00,2025-11-06 00:00,,,Y,N,N,,
10966,POINTE DE L'ISLET,QC,QUEBEC,QUÉBEC,CAN,48.135555555555555,-69.71638889,EST,7,7046059,WQD,71190,Climate-Auto,,,,ECCC - MSC,ECCC - SMC,Environment and Climate Change Canada - Meteorological Service of Canada,Environnement et Changement climatique Canada - Service météorologique du Canada,1994-09-19 14:00,2025-11-06 12:30,1994-09-19 14:00,2025-11-06 12:30,1995-11-08 00:00,2025-11-06 00:00,,,Y,N,N,,
10975,LAC SAINT-PIERRE,QC,QUEBEC,QUÉBEC,CAN,46.18333333333333,-72.91666667,EST,16.2,701LP0N,WBS,71198,Climate-Auto,,,,ECCC - MSC,ECCC - SMC,Environment and Climate Change Canada - Meteorological Service of Canada,Environnement et Changement climatique Canada - Service météorologique du Canada,1994-02-15 05:54,2025-11-06 12:30,1994-02-15 05:54,2025-11-06 12:30,1995-02-16 00:00,2025-11-06 00:00,,,Y,N,N,,
10977,LONGUE-POINTE-DE-MINGAN,QC,QUEBEC,QUÉBEC,CAN,50.271388888888886,-64.22638889,EST,11,7044328,WBT,71512,Climate-Auto,,,,ECCC - MSC,ECCC - SMC,Environment and Climate Change Canada - Meteorological Service of Canada,Environnement et Changement climatique Canada - Service météorologique du Canada,1994-01-27 00:00,2025-11-06 12:30,1994-02-01 02:00,2025-11-06 12:30,1994-01-27 00:00,2025-11-06 00:00,,,Y,N,N,,
10982,ST-ANICET 1,QC,QUEBEC,QUÉBEC,CAN,45.12083333333333,-74.28944444,EST,49.1,702FQLF,WBZ,71712,Climate-Auto,,,,ECCC - MSC,ECCC - SMC,Environment and Climate Change Canada - Meteorological Service of Canada,Environnement et Changement climatique Canada - Service météorologique du Canada,1994-02-01 02:00,2025-11-06 12:30,1994-02-01 02:00,2025-11-06 12:30,1994-07-06 00:00,2025-11-06 00:00,,,Y,N,N,,
26777,BEAUCEVILLE,QC,QUEBEC,QUÉBEC,CAN,46.205,-70.785,EST,229.2,7028754,WHV,71323,Climate-Auto,,,,ECCC - MSC,ECCC - SMC,Environment and Climate Change Canada - Meteorological Service of Canada,Environnement et Changement climatique Canada - Service météorologique du Canada,1994-07-28 00:00,2025-11-06 12:30,1994-07-28 13:00,2025-11-06 12:30,1994-07-28 00:00,2025-11-06 00:00,,,Y,N,N,,
26778,LAC BENOIT,QC,QUEBEC,QUÉBEC,CAN,51.5325,-71.11083333,EST,549,706I001,WDE,71520,Climate-Auto,,,,ECCC - MSC,ECCC - SMC,Environment and Climate Change Canada - Meteorological Service of Canada,Environnement et Changement climatique Canada - Service météorologique du Canada,1994-09-19 11:00,2025-11-06 12:30,1994-09-19 11:00,2025-11-06 12:30,1995-11-09 00:00,2025-11-06 00:00,,,Y,N,N,,
26797,CHAMOUCHOUANE,QC,QUEBEC,QUÉBEC,CAN,49.27861111111111,-73.35555556,EST,303.8,7061288,WEE,71523,Climate-Auto,,,,ECCC - MSC,ECCC - SMC,Environment and Climate Change Canada - Meteorological Service of Canada,Environnement et Changement climatique Canada - Service météorologique du Canada,1994-06-23 08:00,2025-11-06 12:30,1994-06-23 08:00,2025-11-06 12:30,1994-07-06 00:00,2025-11-06 00:00,,,Y,N,N,,
26798,MANOUANE EST,QC,QUEBEC,QUÉBEC,CAN,50.65638888888889,-70.53194444,EST,497,706I155,WDP,71521,Climate-Auto,,,,ECCC - MSC,ECCC - SMC,Environment and Climate Change Canada - Meteorological Service of Canada,Environnement et Changement climatique Canada - Service météorologique du Canada,1994-09-30 13:00,2025-11-06 12:30,1994-09-30 13:00,2025-11-06 12:30,1994-10-03 00:00,2025-11-06 00:00,,,Y,N,N,,
26889,BAIE-COMEAU,QC,QUEBEC,QUÉBEC,CAN,49.259166666666665,-68.14583333,EST,129.5,704S001,WFW,71829,Climate-Auto,,,,ECCC - MSC,ECCC - SMC,Environment and Climate Change Canada - Meteorological Service of Canada,Environnement et Changement climatique Canada - Service météorologique du Canada,1995-05-29 16:00,2025-11-06 12:30,1995-05-29 16:00,2025-11-06 12:30,1996-01-31 00:00,2025-11-06 00:00,,,Y,N,Y,,
26892,QUEBEC/JEAN LESAGE INTL,QC,QUEBEC,QUÉBEC,CAN,46.80361111111111,-71.38166667,EST,60,701S001,WQB,71714,Climate-Auto,,,,ECCC - MSC,ECCC - SMC,Environment and Climate Change Canada - Meteorological Service of Canada,Environnement et Changement climatique Canada - Service météorologique du Canada,1992-12-04 00:00,2025-11-06 12:30,2005-03-24 11:00,2025-11-06 12:30,1992-12-04 00:00,2025-11-06 00:00,1998-01-01 00:00,2016-03-01 00:00,Y,N,Y,,
26893,LA POCATIERE,QC,QUEBEC,QUÉBEC,CAN,47.35583333333334,-70.03194444,EST,31,7054096,WST,71713,Climate-Auto,,,,ECCC - MSC,ECCC - SMC,Environment and Climate Change Canada - Meteorological Service of Canada,Environnement et Changement climatique Canada - Service météorologique du Canada,1996-01-18 14:00,2025-11-06 12:30,1996-01-18 14:00,2025-11-06 12:30,1996-01-31 00:00,2025-11-06 00:00,,,Y,N,Y,,
27194,POINTE-AU-PERE (INRS),QC,QUEBEC,QUÉBEC,CAN,48.513888888888886,-68.46833333,EST,4.9,7056068,WYQ,71554,Climate-Auto,,,,ECCC - MSC,ECCC - SMC,Environment and Climate Change Canada - Meteorological Service of Canada,Environnement et Changement climatique Canada - Service météorologique du Canada,1996-10-09 15:00,2025-11-06 12:30,1996-10-09 15:00,2025-11-06 12:30,1996-10-10 00:00,2025-11-06 00:00,,,Y,N,N,,
27195,CAP-CHAT,QC,QUEBEC,QUÉBEC,CAN,49.10916666666667,-66.65444444,EST,5,705S002,WSG,71428,Climate-Auto,,,,ECCC - MSC,ECCC - SMC,Environment and Climate Change Canada - Meteorological Service of Canada,Environnement et Changement climatique Canada - Service météorologique du Canada,1996-10-08 00:00,2025-11-06 12:30,1996-10-08 07:00,2025-11-06 12:30,1996-10-08 00:00,2025-11-06 00:00,,,Y,N,N,,
27294,ONATCHIWAY,QC,QUEBEC,QUÉBEC,CAN,48.89416666666666,-71.03166667,EST,304,7065738,WXC,71387,Climate-Auto,,,,ECCC - MSC,ECCC - SMC,Environment and Climate Change Canada - Meteorological Service of Canada,Environnement et Changement climatique Canada - Service météorologique du Canada,1997-08-13 00:00,2025-11-06 12:30,1997-08-13 10:00,2025-11-06 12:30,1997-08-13 00:00,2025-11-06 00:00,,,Y,N,N,,
27315,LA BAIE,QC,QUEBEC,QUÉBEC,CAN,48.29810333333333,-70.91953694,EST,151.6,706Q001,WUX,71388,Climate-Auto,,,,ECCC - MSC,ECCC - SMC,Environment and Climate Change Canada - Meteorological Service of Canada,Environnement et Changement climatique Canada - Service météorologique du Canada,1997-07-16 00:00,2025-11-06 12:30,1997-07-16 07:00,2025-11-06 12:30,1997-07-16 00:00,2025-11-06 00:00,,,Y,N,N,,
27325,DESCHAMBAULT,QC,QUEBEC,QUÉBEC,CAN,46.69083333333333,-71.97166667,EST,61,7011983,WHQ,71389,Climate-Auto,,,,ECCC - MSC,ECCC - SMC,Environment and Climate Change Canada - Meteorological Service of Canada,Environnement et Changement climatique Canada - Service météorologique du Canada,1997-09-24 00:00,2025-11-06 12:30,1997-09-24 14:00,2025-11-06 12:30,1997-09-24 00:00,2025-11-06 00:00,,,Y,N,N,,
27326,POINTE NOIRE CS,QC,QUEBEC,QUÉBEC,CAN,50.1625,-66.43388889,EST,24,704Q003,WIP,71390,Climate-Auto,,,,ECCC - MSC,ECCC - SMC,Environment and Climate Change Canada - Meteorological Service of Canada,Environnement et Changement climatique Canada - Service météorologique du Canada,1997-11-06 00:00,2025-11-06 12:30,1997-11-06 07:00,2025-11-06 12:30,1997-11-06 00:00,2025-11-06 00:00,,,Y,N,N,,
27377,STE-FOY (U. LAVAL),QC,QUEBEC,QUÉBEC,CAN,46.780277777777776,-71.2875,EST,91.4,701Q004,WJB,71392,Climate-Auto,,,,ECCC - MSC,ECCC - SMC,Environment and Climate Change Canada - Meteorological Service of Canada,Environnement et Changement climatique Canada - Service météorologique du Canada,1996-07-17 16:00,2025-11-06 12:30,1996-07-17 16:00,2025-11-06 12:30,1997-11-13 00:00,2025-11-06 00:00,,,Y,N,Y,,
27442,CHARLEVOIX (MRC),QC,QUEBEC,QUÉBEC,CAN,47.284166666666664,-70.6375,EST,722.7,7041312,WIS,71319,Climate-Auto,,,,ECCC - MSC,ECCC - SMC,Environment and Climate Change Canada - Meteorological Service of Canada,Environnement et Changement climatique Canada - Service météorologique du Canada,1997-10-16 14:00,2025-11-06 12:30,1997-10-16 14:00,2025-11-06 12:30,1997-11-05 00:00,2025-11-06 00:00,,,Y,N,N,,
27443,CHAPAIS,QC,QUEBEC,QUÉBEC,CAN,49.8225,-74.97527778,EST,381.1,7091299,WUK,71824,Climate-Auto,,,,ECCC - MSC,ECCC - SMC,Environment and Climate Change Canada - Meteorological Service of Canada,Environnement et Changement climatique Canada - Service météorologique du Canada,2001-04-19 12:00,2025-11-06 12:30,2001-04-19 12:00,2025-11-06 12:30,2001-04-23 00:00,2025-11-06 00:00,,,Y,N,N,,
27646,SHAWINIGAN,QC,QUEBEC,QUÉBEC,CAN,46.56333333333333,-72.73333333,EST,110,7018001,XSH,71370,Climate-Auto,,,,ECCC - MSC,ECCC - SMC,Environment and Climate Change Canada - Meteorological Service of Canada,Environnement et Changement climatique Canada - Service météorologique du Canada,1998-11-04 00:00,2025-11-06 12:30,1999-01-25 02:00,2025-11-06 12:30,1998-11-04 00:00,2025-11-06 00:00,,,Y,N,Y,,
27803,BEAUPORT,QC,QUEBEC,QUÉBEC,CAN,46.83694444444444,-71.19722222,EST,10,7010565,XBO,71578,Climate-Auto,,,,ECCC - MSC,ECCC - SMC,Environment and Climate Change Canada - Meteorological Service of Canada,Environnement et Changement climatique Canada - Service météorologique du Canada,1999-08-19 00:00,2025-11-06 12:30,1999-08-19 07:00,2025-11-06 12:30,1999-08-19 00:00,2025-11-06 00:00,,,Y,N,N,,
29714,LEMIEUX,QC,QUEBEC,QUÉBEC,CAN,46.30361111111111,-72.06083333,EST,97.2,701Q009,MLU,71616,Climate-Auto,,,,ECCC - MSC,ECCC - SMC,Environment and Climate Change Canada - Meteorological Service of Canada,Environnement et Changement climatique Canada - Service météorologique du Canada,1999-09-12 22:00,2025-11-06 12:30,1999-09-12 22:00,2025-11-06 12:30,1999-09-14 00:00,2025-11-06 00:00,,,Y,N,N,,
30165,MONTREAL/PIERRE ELLIOTT TRUDEAU INTL,QC,QUEBEC,QUÉBEC,CAN,45.467777777777776,-73.74166667,EST,32.1,702S006,WTQ,71183,Climate-Auto,,,,ECCC - MSC,ECCC - SMC,Environment and Climate Change Canada - Meteorological Service of Canada,Environnement et Changement climatique Canada - Service météorologique du Canada,2002-12-23 00:00,2025-11-06 12:30,2008-01-08 13:00,2025-11-06 12:30,2002-12-23 00:00,2025-11-06 00:00,,,Y,N,Y,,
30166,INUKJUAK,QC,QUEBEC,QUÉBEC,CAN,58.471944444444446,-78.07694444,EST,26.2,710S005,MJK,71907,Climate-Auto,,,,ECCC - MSC,ECCC - SMC,Environment and Climate Change Canada - Meteorological Service of Canada,Environnement et Changement climatique Canada - Service météorologique du Canada,2008-07-02 19:00,2025-11-06 12:30,2008-07-02 19:00,2025-11-06 12:30,2008-07-03 00:00,2025-11-06 00:00,,,Y,N,Y,,
30168,NATASHQUAN AIRPORT,QC,QUEBEC,QUÉBEC,CAN,50.19000111111111,-61.81083361,AST,11.7,7045401,MNT,71813,Climate-Auto,,,,ECCC - MSC,ECCC - SMC,Environment and Climate Change Canada - Meteorological Service of Canada,Environnement et Changement climatique Canada - Service météorologique du Canada,2008-07-02 20:00,2025-11-06 12:30,2008-07-02 20:00,2025-11-06 12:30,2008-07-03 00:00,2025-11-06 00:00,,,Y,N,Y,,
30172,VAL-D'OR,QC,QUEBEC,QUÉBEC,CAN,48.05639,-77.78639083,EST,338.9,7098603,GVO,71725,Climate-Auto,,,,ECCC - MSC,ECCC - SMC,Environment and Climate Change Canada - Meteorological Service of Canada,Environnement et Changement climatique Canada - Service météorologique du Canada,2008-07-02 22:00,2025-11-06 12:30,2008-07-02 22:00,2025-11-06 12:30,2008-07-03 00:00,2025-11-06 00:00,,,Y,N,Y,,
30173,BAIE-COMEAU A,QC,QUEBEC,QUÉBEC,CAN,49.13333333333333,-68.2,EST,21.6,7040442,GBC,71890,Climate-Auto,,,,ECCC - MSC,ECCC - SMC,Environment and Climate Change Canada - Meteorological Service of Canada,Environnement et Changement climatique Canada - Service météorologique du Canada,2004-04-07 04:00,2025-11-06 12:30,2004-04-07 04:00,2025-11-06 12:30,2005-01-01 00:00,2025-11-06 00:00,2005-01-01 00:00,2005-12-01 00:00,Y,N,Y,,
30722,LATERRIERE,QC,QUEBEC,QUÉBEC,CAN,48.30722222222222,-71.12916667,EST,162.7,7064181,XLT,71040,Climate-Auto,,,,ECCC - MSC,ECCC - SMC,Environment and Climate Change Canada - Meteorological Service of Canada,Environnement et Changement climatique Canada - Service météorologique du Canada,2001-02-02 00:00,2025-11-06 12:30,2002-02-03 19:00,2025-11-06 12:30,2001-02-02 00:00,2025-11-06 00:00,,,Y,N,N,,
32413,FORET MONTMORENCY RCS,QC,QUEBEC,QUÉBEC,CAN,47.32277777777778,-71.14833333,EST,672.8,7042395,MFM,71212,Climate-Auto,,,,ECCC - MSC,ECCC - SMC,Environment and Climate Change Canada - Meteorological Service of Canada,Environnement et Changement climatique Canada - Service météorologique du Canada,2003-11-10 00:00,2025-11-06 12:30,2003-11-10 18:00,2025-11-06 12:30,2003-11-10 00:00,2025-11-06 00:00,,,Y,N,Y,,
42013,GRANBY,QC,QUEBEC,QUÉBEC,CAN,45.37277777777778,-72.77388889,EST,86,7022802,MGB,,Climate-Auto,,,,ECCC - MSC,ECCC - SMC,Environment and Climate Change Canada - Meteorological Service of Canada,Environnement et Changement climatique Canada - Service météorologique du Canada,2003-10-07 15:00,2025-11-06 12:30,2003-10-07 15:00,2025-11-06 12:30,2018-05-14 00:00,2025-11-06 00:00,,,Y,N,N,,
42683,SEPT-ILES,QC,QUEBEC,QUÉBEC,CAN,50.21666666666667,-66.25,EST,52.6,7047914,XZV,71279,Climate-Auto,,,,ECCC - MSC,ECCC - SMC,Environment and Climate Change Canada - Meteorological Service of Canada,Environnement et Changement climatique Canada - Service météorologique du Canada,2002-02-04 06:00,2025-11-06 12:30,2002-02-04 06:00,2025-11-06 12:30,2002-10-16 00:00,2025-11-06 00:00,2005-01-01 00:00,2005-12-01 00:00,Y,N,Y,,
44143,RIVIERE AUX FEUILLES,QC,QUEBEC,QUÉBEC,CAN,57.90944611111111,-72.97583444,EST,171.4,7116505,MRF,71743,Climate-Auto,,,,ECCC - MSC,ECCC - SMC,Environment and Climate Change Canada - Meteorological Service of Canada,Environnement et Changement climatique Canada - Service météorologique du Canada,2005-09-19 13:00,2025-11-06 12:30,2005-09-19 13:00,2025-11-06 12:30,2006-04-04 00:00,2025-11-06 00:00,,,Y,N,Y,,
44204,LA GRANDE IV,QC,QUEBEC,QUÉBEC,CAN,53.757222222222225,-73.67861111,EST,302.8,7093GJ5,GAH,71823,Climate-Auto,,,,ECCC - MSC,ECCC - SMC,Environment and Climate Change Canada - Meteorological Service of Canada,Environnement et Changement climatique Canada - Service météorologique du Canada,2005-01-01 00:00,2025-11-06 12:30,2005-10-10 17:00,2025-11-06 12:30,2005-01-01 00:00,2025-11-06 00:00,,,Y,N,Y,,
45309,THETFORD MINES RCS,QC,QUEBEC,QUÉBEC,CAN,46.04916722222222,-71.26611222,EST,430,7028442,MTH,71494,Climate-Auto,,,,ECCC - MSC,ECCC - SMC,Environment and Climate Change Canada - Meteorological Service of Canada,Environnement et Changement climatique Canada - Service météorologique du Canada,2006-09-21 00:00,2025-11-06 12:30,2006-09-21 08:00,2025-11-06 12:30,2006-09-21 00:00,2025-11-06 00:00,,,Y,N,Y,,
47587,SAINT-GERMAIN-DE-GRANTHAM,QC,QUEBEC,QUÉBEC,CAN,45.82535277777778,-72.53697778,EST,76.8,7027470,MSI,71967,Climate-Auto,,,,ECCC - MSC,ECCC - SMC,Environment and Climate Change Canada - Meteorological Service of Canada,Environnement et Changement climatique Canada - Service météorologique du Canada,2008-10-06 00:00,2025-11-06 12:30,2008-10-06 11:00,2025-11-06 12:30,2008-10-06 00:00,2025-11-06 00:00,,,Y,N,N,,
48188,SAINT-MICHEL-DES-SAINTS,QC,QUEBEC,QUÉBEC,CAN,46.815558333333335,-74.09390278,EST,429.9,7077571,MMY,71737,Climate-Auto,,,,ECCC - MSC,ECCC - SMC,Environment and Climate Change Canada - Meteorological Service of Canada,Environnement et Changement climatique Canada - Service météorologique du Canada,2009-10-06 00:00,2025-11-06 12:30,2009-10-06 16:00,2025-11-06 12:30,2009-10-06 00:00,2025-11-06 00:00,,,Y,N,N,,
48228,PARC NATIONAL DES PINGUALUIT,QC,QUEBEC,QUÉBEC,CAN,61.31283305555556,-73.66840667,EST,503.4,7115800,MIN,71976,Climate-Auto,,,,ECCC - MSC,ECCC - SMC,Environment and Climate Change Canada - Meteorological Service of Canada,Environnement et Changement climatique Canada - Service météorologique du Canada,2009-10-06 00:00,2025-11-06 12:30,2009-10-06 16:00,2025-11-06 12:30,2009-10-06 00:00,2025-11-06 00:00,,,Y,N,N,,
48371,SHERBROOKE,QC,QUEBEC,QUÉBEC,CAN,45.43861111111111,-71.69138889,EST,241.4,7028123,YSC,71610,Aviation-Auto,,,,NAVCAN,NAVCAN,NAV Canada,NAV Canada,2009-10-08 16:00,2025-11-06 12:30,2009-10-08 16:00,2025-11-06 12:30,2009-10-22 00:00,2025-11-06 00:00,,,Y,N,Y,,
48374,MONTREAL/ST-HUBERT,QC,QUEBEC,QUÉBEC,CAN,45.5175,-73.41694444,EST,27.4,7027329,YHU,71371,Aviation-Auto,,,,NAVCAN,NAVCAN,NAV Canada,NAV Canada,2009-12-10 17:00,2025-11-06 12:30,2009-12-10 17:00,2025-11-06 12:30,2009-12-17 00:00,2025-11-06 00:00,,,Y,N,Y,,
48968,BAIE-COMEAU,QC,QUEBEC,QUÉBEC,CAN,49.1325,-68.20444444,EST,21.6,7040444,YBC,71691,Aviation-Auto,,,,NAVCAN,NAVCAN,NAV Canada,NAV Canada,2010-11-15 10:00,2025-11-06 12:30,2010-11-15 10:00,2025-11-06 12:30,2010-11-18 00:00,2025-11-06 00:00,,,Y,N,Y,,
48970,HAVRE ST. PIERRE,QC,QUEBEC,QUÉBEC,CAN,50.28194444444444,-63.61138889,EST,37.8,7043019,YGV,71584,Aviation-Auto,,,,NAVCAN,NAVCAN,NAV Canada,NAV Canada,2010-11-15 10:00,2025-11-06 12:30,2010-11-15 10:00,2025-11-06 12:30,2010-11-18 00:00,2025-11-06 00:00,,,Y,N,Y,,
48971,NATASHQUAN A,QC,QUEBEC,QUÉBEC,CAN,50.19,-61.78888889,AST,11.9,7045398,YNA,71513,Aviation-Auto,,,,NAVCAN,NAVCAN,NAV Canada,NAV Canada,2010-11-15 11:00,2025-11-06 12:30,2010-11-15 11:00,2025-11-06 12:30,2010-11-18 00:00,2025-11-06 00:00,,,Y,N,Y,,
48974,INUKJUAK A,QC,QUEBEC,QUÉBEC,CAN,58.471944444444446,-78.07694444,EST,25.3,7103280,YPH,71306,Aviation-Auto,,,,NAVCAN,NAVCAN,NAV Canada,NAV Canada,2011-01-10 12:00,2025-11-06 12:30,2011-01-10 12:00,2025-11-06 12:30,2011-01-13 00:00,2025-11-06 00:00,,,Y,N,Y,,
49390,VAL D'OR A,QC,QUEBEC,QUÉBEC,CAN,48.053333333333335,-77.78277778,EST,337.4,7098605,YVO,71941,Aviation-Auto,,,,NAVCAN,NAVCAN,NAV Canada,NAV Canada,2011-08-22 12:00,2025-11-06 12:30,2011-08-22 12:00,2025-11-06 12:30,2011-08-25 00:00,2025-11-06 00:00,,,Y,N,N,,
49491,MATAGAMI A,QC,QUEBEC,QUÉBEC,CAN,49.76166666666666,-77.80277778,EST,279.8,7094636,YNM,71947,Aviation-Auto,,,,NAVCAN,NAVCAN,NAV Canada,NAV Canada,2011-10-17 10:00,2025-11-06 12:30,2011-10-17 10:00,2025-11-06 12:30,2011-10-20 00:00,2025-11-06 00:00,,,Y,N,Y,,
49608,MONTREAL MIRABEL INTL A,QC,QUEBEC,QUÉBEC,CAN,45.68055555555556,-74.03861111,EST,82.3,7034900,YMX,,Aviation-Staffed,,,,NAVCAN,NAVCAN,NAV Canada,NAV Canada,2012-09-13 14:00,2025-11-06 12:30,2012-09-13 14:00,2025-11-06 12:30,2018-10-30 00:00,2025-11-06 00:00,,,Y,N,Y,,
49648,LA GRANDE 4 A,QC,QUEBEC,QUÉBEC,CAN,53.75472222222222,-73.67527778,EST,306.3,7093714,YAH,71003,Aviation-Auto,,,,NAVCAN,NAVCAN,NAV Canada,NAV Canada,2011-12-12 11:00,2025-11-06 12:30,2011-12-12 11:00,2025-11-06 12:30,2011-12-15 00:00,2025-11-06 00:00,,,Y,N,Y,,
49649,SCHEFFERVILLE A,QC,QUEBEC,QUÉBEC,CAN,54.805277777777775,-66.80527778,EST,520.9,7117823,YKL,71921,Aviation-Auto,,,,NAVCAN,NAVCAN,NAV Canada,NAV Canada,2012-01-09 08:00,2025-11-06 12:30,2012-01-09 08:00,2025-11-06 12:30,2012-01-10 00:00,2025-11-06 00:00,,,Y,N,Y,,
50090,ROUYN-NORANDA A,QC,QUEBEC,QUÉBEC,CAN,48.20611111111111,-78.83555556,EST,301.1,7086719,YUY,,Aviation-Staffed,,,,NAVCAN,NAVCAN,NAV Canada,NAV Canada,2012-12-03 12:00,2025-11-06 12:30,2012-12-03 12:00,2025-11-06 12:30,2018-10-30 00:00,2025-11-06 00:00,,,Y,N,Y,,
50719,OTTAWA GATINEAU A,QC,QUEBEC,QUÉBEC,CAN,45.52166666666667,-75.56361111,EST,64.3,7032682,YND,,Aviation-Staffed,,,,NAVCAN,NAVCAN,NAV Canada,NAV Canada,2012-10-09 14:00,2025-11-06 12:30,2012-10-09 14:00,2025-11-06 12:30,,,,,N,N,Y,,
50822,LA GRANDE RIVIERE A,QC,QUEBEC,QUÉBEC,CAN,53.625277777777775,-77.70416667,EST,194.8,7093716,YGL,71827,Aviation-Staffed,,,,NAVCAN,NAVCAN,NAV Canada,NAV Canada,2012-11-08 00:00,2025-11-06 12:30,2012-11-08 10:00,2025-11-06 12:30,2012-11-08 00:00,2025-11-06 00:00,,,Y,N,Y,,
50841,MONT JOLI A,QC,QUEBEC,QUÉBEC,CAN,48.60888888888889,-68.2075,EST,52.4,7055121,YYY,71718,Aviation-Staffed,,,,NAVCAN,NAVCAN,NAV Canada,NAV Canada,2013-03-12 09:00,2025-11-06 12:30,2013-03-12 09:00,2025-11-06 12:30,2013-03-13 00:00,2025-11-06 00:00,,,Y,N,Y,,
51139,ILES DE LA MADELEINE A,QC,QUEBEC,QUÉBEC,CAN,47.425,-61.77805556,AST,10.7,7053250,YGR,71709,Aviation-Staffed,,,,NAVCAN,NAVCAN,NAV Canada,NAV Canada,2013-03-12 10:00,2025-11-06 12:30,2013-03-12 10:00,2025-11-06 12:30,2013-03-14 00:00,2018-10-29 00:00,,,Y,N,Y,,
51157,MONTREAL INTL A,QC,QUEBEC,QUÉBEC,CAN,45.470555555555556,-73.74083333,EST,36,7025251,YUL,71627,Aviation-Staffed,,,,NAVCAN,NAVCAN,NAV Canada,NAV Canada,2013-02-13 10:00,2025-11-06 12:30,2013-02-13 10:00,2025-11-06 12:30,2013-02-14 00:00,2025-11-06 00:00,,,Y,N,Y,,
51297,GASPE A,QC,QUEBEC,QUÉBEC,CAN,48.77527777777778,-64.47972222,EST,34.1,7052601,YGP,71188,Aviation-Staffed,,,,NAVCAN,NAVCAN,NAV Canada,NAV Canada,2013-03-12 09:00,2025-11-06 12:30,2013-03-12 09:00,2025-11-06 12:30,2013-03-14 00:00,2025-11-06 00:00,,,Y,N,Y,,
51457,QUEBEC INTL A,QC,QUEBEC,QUÉBEC,CAN,46.791111111111114,-71.39333333,EST,74.4,7016293,YQB,,Aviation-Staffed,,,,NAVCAN,NAVCAN,NAV Canada,NAV Canada,2013-10-08 09:00,2025-11-06 12:30,2013-10-08 09:00,2025-11-06 12:30,2018-10-30 00:00,2025-11-06 00:00,,,Y,N,Y,,
51698,TROIS RIVIERES A,QC,QUEBEC,QUÉBEC,CAN,46.35166666666667,-72.68055556,EST,60.7,7018561,YRQ,,Aviation-Auto,,,,NAVCAN,NAVCAN,NAV Canada,NAV Canada,2013-12-09 10:00,2025-11-06 12:30,2013-12-09 10:00,2025-11-06 12:30,2018-10-29 00:00,2025-11-06 00:00,,,Y,N,Y,,
52038,PUVIRNITUQ A,QC,QUEBEC,QUÉBEC,CAN,60.05222222222222,-77.2875,EST,25.3,7106223,YPX,73128,Aviation-Auto,,,,NAVCAN,NAVCAN,NAV Canada,NAV Canada,2014-02-06 14:00,2025-11-06 12:30,2014-02-06 14:00,2025-11-06 12:30,2018-10-29 00:00,2025-11-06 00:00,,,Y,N,N,,
52080,ROBERVAL A,QC,QUEBEC,QUÉBEC,CAN,48.52,-72.26583333,EST,178.6,7066686,YRJ,71728,Aviation-Staffed,,,,NAVCAN,NAVCAN,NAV Canada,NAV Canada,2014-03-04 10:00,2025-11-06 12:30,2014-03-04 10:00,2025-11-06 12:30,2014-03-06 00:00,2025-11-06 00:00,,,Y,N,Y,,
52081,WASKAGANISH A,QC,QUEBEC,QUÉBEC,CAN,51.473333333333336,-78.75833333,EST,24.1,7098896,YKQ,,Aviation-Staffed,,,,NAVCAN,NAVCAN,NAV Canada,NAV Canada,2014-02-06 14:00,2025-11-06 12:30,2014-02-06 14:00,2025-11-06 12:30,,,,,N,N,Y,,
52179,KUUJJUAQ A,QC,QUEBEC,QUÉBEC,CAN,58.089444444444446,-68.42222222,EST,39.9,7113535,YVP,71906,Aviation-Staffed,,,,NAVCAN,NAVCAN,NAV Canada,NAV Canada,2014-03-04 10:00,2025-11-06 12:30,2014-03-04 10:00,2025-11-06 12:30,2014-03-06 00:00,2025-11-06 00:00,,,Y,N,Y,,
52199,SEPT-ILES A,QC,QUEBEC,QUÉBEC,CAN,50.223333333333336,-66.26555556,EST,54.9,7047911,YZV,,Aviation-Staffed,,,,NAVCAN,NAVCAN,NAV Canada,NAV Canada,2014-04-03 14:00,2025-11-06 12:30,2014-04-03 14:00,2025-11-06 12:30,2018-10-30 00:00,2025-11-06 00:00,,,Y,N,Y,,
52201,KUUJJUARAPIK A,QC,QUEBEC,QUÉBEC,CAN,55.28194444444444,-77.76527778,EST,12.2,7103537,YGW,73127,Aviation-Auto,,,,NAVCAN,NAVCAN,NAV Canada,NAV Canada,2014-04-03 14:00,2025-11-06 12:30,2014-04-03 14:00,2025-11-06 12:30,2018-10-29 00:00,2025-11-06 00:00,,,Y,N,Y,,
52378,SALLUIT,QC,QUEBEC,QUÉBEC,CAN,62.17944583333333,-75.67027944,EST,228,7117800,MFX,71641,Climate-Auto,,,,ECCC - MSC,ECCC - SMC,Environment and Climate Change Canada - Meteorological Service of Canada,Environnement et Changement climatique Canada - Service météorologique du Canada,2014-07-03 00:00,2025-11-06 12:30,2014-07-03 19:00,2025-11-06 12:30,2014-07-03 00:00,2025-11-06 00:00,,,Y,N,N,,
53001,OTTAWA GATINEAU A,QC,QUEBEC,QUÉBEC,CAN,45.52166666666667,-75.56361111,EST,64.3,7032685,YND,,Aviation-Auto,,,,NAVCAN,NAVCAN,NAV Canada,NAV Canada,2014-10-23 14:00,2025-11-06 12:30,2014-10-23 14:00,2025-11-06 12:30,2018-10-29 00:00,2025-11-06 00:00,,,Y,N,Y,,
53002,ILES DE LA MADELEINE A,QC,QUEBEC,QUÉBEC,CAN,47.425,-61.77805556,AST,10.7,7053254,YGR,,Aviation-Auto,,,,NAVCAN,NAVCAN,NAV Canada,NAV Canada,2014-10-23 15:00,2025-11-06 12:30,2014-10-23 15:00,2025-11-06 12:30,2018-10-29 00:00,2025-11-06 00:00,,,Y,N,Y,,
53018,WASKAGANISH A,QC,QUEBEC,QUÉBEC,CAN,51.473333333333336,-78.75833333,EST,24.1,7098898,YKQ,,Aviation-Auto,,,,NAVCAN,NAVCAN,NAV Canada,NAV Canada,2014-10-23 14:00,2025-11-06 12:30,2014-10-23 14:00,2025-11-06 12:30,2018-10-29 00:00,2025-11-06 00:00,,,Y,N,Y,,
53019,CHIBOUGAMAU CHAPAIS A,QC,QUEBEC,QUÉBEC,CAN,49.77194444444444,-74.52805556,EST,387.1,7091409,YMT,,Aviation-Auto,,,,NAVCAN,NAVCAN,NAV Canada,NAV Canada,2014-10-23 14:00,2025-11-06 12:30,2014-10-23 14:00,2025-11-06 12:30,2018-10-29 00:00,2025-11-06 00:00,,,Y,N,N,,
53140,LOURDES DE BLANC SABLON A,QC,QUEBEC,QUÉBEC,CAN,51.441944444444445,-57.18611111,AST,37.2,7040815,YBX,71808,Aviation-Staffed,,,,NAVCAN,NAVCAN,NAV Canada,NAV Canada,2014-12-02 10:00,2025-11-06 12:30,2014-12-02 10:00,2025-11-06 12:30,2014-12-04 00:00,2025-11-06 00:00,,,Y,N,Y,,
53159,WEMINDJI A,QC,QUEBEC,QUÉBEC,CAN,53.010555555555555,-78.83111111,EST,20.1,7098908,YNC,,Aviation-Auto,,,,NAVCAN,NAVCAN,NAV Canada,NAV Canada,2014-11-03 09:00,2025-11-06 12:30,2014-11-03 09:00,2025-11-06 12:30,2018-10-29 00:00,2025-11-06 00:00,,,Y,N,Y,,
53338,EASTMAIN RIVER A,QC,QUEBEC,QUÉBEC,CAN,52.22638888888889,-78.5225,EST,7.3,7092310,ZEM,,Aviation-Auto,,,,NAVCAN,NAVCAN,NAV Canada,NAV Canada,2014-12-04 14:00,2025-11-06 12:30,2014-12-04 14:00,2025-11-06 12:30,2018-10-29 00:00,2025-11-06 00:00,,,Y,N,N,,
53978,KUUJJUARAPIK,QC,QUEBEC,QUÉBEC,CAN,55.36666666666667,-77.56666667,EST,30,7103539,MFJ,71615,Climate-Auto,,,,ECCC - MSC,ECCC - SMC,Environment and Climate Change Canada - Meteorological Service of Canada,Environnement et Changement climatique Canada - Service météorologique du Canada,2015-08-07 00:00,2025-11-06 12:30,2015-08-07 04:00,2025-11-06 12:30,2015-08-07 00:00,2025-11-06 00:00,,,Y,N,Y,,
54018,TASIUJAQ A,QC,QUEBEC,QUÉBEC,CAN,58.66777777777778,-69.95583333,EST,36.9,7118365,YTQ,,Aviation-Staffed,,,,NAVCAN,NAVCAN,NAV Canada,NAV Canada,2012-02-09 14:00,2025-11-06 12:30,2012-02-09 14:00,2025-11-06 12:30,,,,,N,N,Y,,
54019,TASIUJAQ A,QC,QUEBEC,QUÉBEC,CAN,58.66777777777778,-69.95583333,EST,36.9,7118366,YTQ,,Aviation-Auto,,,,NAVCAN,NAVCAN,NAV Canada,NAV Canada,2018-10-29 00:00,2025-11-06 12:30,2018-10-30 13:00,2025-11-06 12:30,2018-10-29 00:00,2025-11-06 00:00,,,Y,N,Y,,
54058,AUPALUK A,QC,QUEBEC,QUÉBEC,CAN,59.29666666666667,-69.59972222,EST,36.9,7110601,YLA,,Aviation-Auto,,,,,,,,2018-10-29 00:00,2025-11-06 12:30,2018-10-30 13:00,2025-11-06 12:30,2018-10-29 00:00,2025-11-06 00:00,,,Y,N,N,,
54059,QUAQTAQ A,QC,QUEBEC,QUÉBEC,CAN,61.04638888888889,-69.61777778,EST,32.3,7116271,YHA,,Aviation-Staffed,,,,NAVCAN,NAVCAN,NAV Canada,NAV Canada,2015-10-08 14:00,2025-11-06 12:30,2015-10-08 14:00,2025-11-06 12:30,,,,,N,N,Y,,
54060,QUAQTAQ A,QC,QUEBEC,QUÉBEC,CAN,61.04638888888889,-69.61777778,EST,32.3,7116273,YHA,,Aviation-Auto,,,,NAVCAN,NAVCAN,NAV Canada,NAV Canada,2018-10-29 00:00,2025-11-06 12:30,2018-10-30 13:00,2025-11-06 12:30,2018-10-29 00:00,2025-11-06 00:00,,,Y,N,Y,,
54061,KANGIQSUJUAQ A,QC,QUEBEC,QUÉBEC,CAN,61.58861111111111,-71.92944444,EST,157.6,7113379,YKG,,Aviation-Staffed,,,,NAVCAN,NAVCAN,NAV Canada,NAV Canada,2015-10-08 14:00,2025-11-06 12:30,2015-10-08 14:00,2025-11-06 12:30,,,,,N,N,Y,,
54062,KANGIQSUJUAQ A,QC,QUEBEC,QUÉBEC,CAN,61.58861111111111,-71.92944444,EST,157.6,7113380,YKG,,Aviation-Auto,,,,NAVCAN,NAVCAN,NAV Canada,NAV Canada,2018-10-29 00:00,2025-11-06 12:30,2018-10-30 13:00,2025-11-06 12:30,2018-10-29 00:00,2025-11-06 00:00,,,Y,N,Y,,
54064,SALLUIT A,QC,QUEBEC,QUÉBEC,CAN,62.17944444444444,-75.66722222,EST,227.1,7117802,YZG,,Aviation-Auto,,,,NAVCAN,NAVCAN,NAV Canada,NAV Canada,2018-10-29 00:00,2025-11-06 12:30,2018-10-30 13:00,2025-11-06 12:30,2018-10-29 00:00,2025-11-06 00:00,,,Y,N,N,,
54066,IVUJIVIK A,QC,QUEBEC,QUÉBEC,CAN,62.41722222222222,-77.92527778,EST,38.7,7103329,YIK,,Aviation-Auto,,,,NAVCAN,NAVCAN,NAV Canada,NAV Canada,2018-10-29 00:00,2025-11-06 12:30,2018-10-30 13:00,2025-11-06 12:30,2018-10-29 00:00,2025-11-06 00:00,,,Y,N,N,,
54067,AKULIVIK A,QC,QUEBEC,QUÉBEC,CAN,60.81861111111111,-78.14861111,EST,23.2,7100071,YKO,,Aviation-Staffed,,,,NAVCAN,NAVCAN,NAV Canada,NAV Canada,2015-11-19 14:00,2025-11-06 12:30,2015-11-19 14:00,2025-11-06 12:30,,,,,N,N,Y,,
54068,AKULIVIK A,QC,QUEBEC,QUÉBEC,CAN,60.81861111111111,-78.14861111,EST,23.2,7100072,YKO,,Aviation-Auto,,,,NAVCAN,NAVCAN,NAV Canada,NAV Canada,2018-10-29 00:00,2025-11-06 12:30,2018-10-30 13:00,2025-11-06 12:30,2018-10-29 00:00,2025-11-06 00:00,,,Y,N,Y,,
54070,UMIUJAQ A,QC,QUEBEC,QUÉBEC,CAN,56.53611111111111,-76.51833333,EST,76.5,7108564,YMU,,Aviation-Auto,,,,NAVCAN,NAVCAN,NAV Canada,NAV Canada,2018-10-29 00:00,2025-11-06 12:30,2018-10-30 13:00,2025-11-06 12:30,2018-10-29 00:00,2025-11-06 00:00,,,Y,N,Y,,
54071,KANGIRSUK A,QC,QUEBEC,QUÉBEC,CAN,60.02722222222222,-69.99916667,EST,123.8,7113383,YAS,,Aviation-Staffed,,,,NAVCAN,NAVCAN,NAV Canada,NAV Canada,2015-09-29 07:00,2025-11-06 12:30,2015-09-29 07:00,2025-11-06 12:30,,,,,N,N,Y,,
54072,KANGIRSUK A,QC,QUEBEC,QUÉBEC,CAN,60.02722222222222,-69.99916667,EST,123.8,7113384,YAS,,Aviation-Auto,,,,NAVCAN,NAVCAN,NAV Canada,NAV Canada,2018-10-29 00:00,2025-11-06 12:30,2018-10-30 13:00,2025-11-06 12:30,2018-10-29 00:00,2025-11-06 00:00,,,Y,N,Y,,
54074,KANGIQSUALUJJUAQ A,QC,QUEBEC,QUÉBEC,CAN,58.71138888888889,-65.99277778,EST,66.1,7113391,YLU,,Aviation-Auto,,,,NAVCAN,NAVCAN,NAV Canada,NAV Canada,2018-10-29 00:00,2025-11-06 12:30,2018-10-30 13:00,2025-11-06 12:30,2018-10-29 00:00,2025-11-06 00:00,,,Y,N,Y,,
54118,MONT-JOLI,QC,QUEBEC,QUÉBEC,CAN,48.604416944444445,-68.19463389,EST,55,7055122,MJI,71658,Climate-Auto,,,,ECCC - MSC,ECCC - SMC,Environment and Climate Change Canada - Meteorological Service of Canada,Environnement et Changement climatique Canada - Service météorologique du Canada,2015-10-20 00:00,2025-11-06 12:30,2015-10-27 19:00,2025-11-06 12:30,2015-10-20 00:00,2025-11-06 00:00,,,Y,N,Y,,
54298,LOURDES DE BLANC SABLON A,QC,QUEBEC,QUÉBEC,CAN,51.441944444444445,-57.18611111,AST,37.2,7040816,YBX,,Aviation-Auto,,,,NAVCAN,NAVCAN,NAV Canada,NAV Canada,2016-01-13 10:00,2025-11-06 12:30,2016-01-13 10:00,2025-11-06 12:30,2018-10-29 00:00,2025-11-06 00:00,,,Y,N,Y,,
54299,GASPE A,QC,QUEBEC,QUÉBEC,CAN,48.77527777777778,-64.47972222,EST,34.1,7052602,YGP,,Aviation-Auto,,,,NAVCAN,NAVCAN,NAV Canada,NAV Canada,2016-01-12 14:00,2025-11-06 12:30,2016-01-12 14:00,2025-11-06 12:30,2018-10-29 00:00,2025-11-06 00:00,,,Y,N,Y,,
54300,ROBERVAL A,QC,QUEBEC,QUÉBEC,CAN,48.52,-72.26583333,EST,178.6,7066687,YRJ,,Aviation-Auto,,,,NAVCAN,NAVCAN,NAV Canada,NAV Canada,2016-01-13 09:00,2025-11-06 12:30,2016-01-13 09:00,2025-11-06 12:30,2018-10-29 00:00,2025-11-06 00:00,,,Y,N,Y,,
54558,CAUSAPSCAL AIRPORT,QC,QUEBEC,QUÉBEC,CAN,48.30863166666666,-67.252525,EST,123,7051201,GCL,73005,Climate-Auto,,,,ECCC - MSC,ECCC - SMC,Environment and Climate Change Canada - Meteorological Service of Canada,Environnement et Changement climatique Canada - Service météorologique du Canada,2017-03-02 10:00,2025-11-06 12:30,2017-03-02 10:00,2025-11-06 12:30,2017-04-04 00:00,2025-11-06 00:00,,,Y,N,N,,
54559,NEW RICHMOND EAST,QC,QUEBEC,QUÉBEC,CAN,48.15640666666667,-65.841945,EST,2,7055440,MJN,71659,Climate-Auto,,,,ECCC - MSC,ECCC - SMC,Environment and Climate Change Canada - Meteorological Service of Canada,Environnement et Changement climatique Canada - Service météorologique du Canada,2017-03-02 10:00,2025-11-06 12:30,2017-03-02 10:00,2025-11-06 12:30,2017-03-06 00:00,2025-11-06 00:00,,,Y,N,N,,
54599,CHIBOUGAMAU-CHAPAIS,QC,QUEBEC,QUÉBEC,CAN,49.77723833333334,-74.53029667,EST,381,7091410,GCH,73011,Climate-Auto,,,,ECCC - MSC,ECCC - SMC,Environment and Climate Change Canada - Meteorological Service of Canada,Environnement et Changement climatique Canada - Service météorologique du Canada,2017-11-22 12:00,2025-11-06 12:30,2017-11-22 12:00,2025-11-06 12:30,2017-11-28 00:00,2025-11-06 00:00,,,Y,N,N,,
54698,GRANDES-BERGERONNES,QC,QUEBEC,QUÉBEC,CAN,48.25805555555556,-69.52277778,EST,61,7042845,MGZ,71942,Climate-Auto,,,,ECCC - MSC,ECCC - SMC,Environment and Climate Change Canada - Meteorological Service of Canada,Environnement et Changement climatique Canada - Service météorologique du Canada,2018-02-07 15:00,2025-11-06 12:30,2018-02-07 15:00,2025-11-06 12:30,2018-03-06 00:00,2025-11-06 00:00,,,Y,N,N,,
54878,SCHEFFERVILLE COTE-NORD,QC,QUEBEC,QUÉBEC,CAN,54.80252,-66.80445333,EST,517.2,7117824,GKM,73075,Climate-Auto,,,,ECCC - MSC,ECCC - SMC,Environment and Climate Change Canada - Meteorological Service of Canada,Environnement et Changement climatique Canada - Service météorologique du Canada,2019-01-09 00:00,2025-11-06 12:30,2019-01-09 17:00,2025-11-06 12:30,2019-01-09 00:00,2025-11-06 00:00,,,Y,N,Y,,
54918,GASPE AIRPORT,QC,QUEBEC,QUÉBEC,CAN,48.78333333333333,-64.48333333,EST,36,7052603,GGA,73116,Climate-Auto,,,,ECCC - MSC,ECCC - SMC,Environment and Climate Change Canada - Meteorological Service of Canada,Environnement et Changement climatique Canada - Service météorologique du Canada,2019-06-12 00:00,2025-11-06 12:30,2019-06-12 18:00,2025-11-06 12:30,2019-06-12 00:00,2025-11-06 00:00,,,Y,N,Y,,
54938,NANTES,QC,QUEBEC,QUÉBEC,CAN,45.606136666666664,-70.93252389,EST,477,7023681,MUS,73115,Climate-Auto,,,,ECCC - MSC,ECCC - SMC,Environment and Climate Change Canada - Meteorological Service of Canada,Environnement et Changement climatique Canada - Service météorologique du Canada,2019-08-08 00:00,2025-11-06 12:30,2019-08-08 14:00,2025-11-06 12:30,2019-08-08 00:00,2025-11-06 00:00,,,Y,N,N,,
55158,SAINT-CAMILLE-DE-LELLIS,QC,QUEBEC,QUÉBEC,CAN,46.4944575,-70.20696111,EST,402,7026930,GSA,73105,Climate-Auto,,,,ECCC - MSC,ECCC - SMC,Environment and Climate Change Canada - Meteorological Service of Canada,Environnement et Changement climatique Canada - Service météorologique du Canada,2020-11-27 00:00,2025-11-06 12:30,2020-11-28 01:00,2025-11-06 12:30,2020-11-27 00:00,2025-11-06 00:00,,,Y,N,N,,
55359,BAGOTVILLE AIRPORT,QC,QUEBEC,QUÉBEC,CAN,48.330555555555556,-70.99638889,EST,150,7060390,MBE,73035,Climate-Auto,,,,,,,,2022-10-27 00:00,2025-11-06 12:30,2022-10-27 06:00,2025-11-06 12:30,2022-10-27 00:00,2025-11-06 00:00,,,Y,N,N,,
55459,CHICOUTIMI ST-HONORE A,QC,QUEBEC,QUÉBEC,CAN,48.520833333333336,-71.05055556,EST,165.8,706G3J7,YRC,,Aviation-Auto,,,,,,,,2023-04-24 00:00,2025-11-06 12:30,2023-04-24 13:00,2025-11-06 12:30,2023-04-24 00:00,2025-11-06 00:00,,,Y,N,N,,
55461,ST JEAN,QC,QUEBEC,QUÉBEC,CAN,45.294444444444444,-73.28166667,EST,41.5,7027394,YJN,,Aviation-Auto,,,,,,,,2023-04-24 00:00,2025-11-06 12:30,2023-04-24 13:00,2025-11-06 12:30,2023-04-24 00:00,2025-11-06 00:00,,,Y,N,N,,
55678,MONT-TREMBLANT,QC,QUEBEC,QUÉBEC,CAN,46.08040805555556,-74.55612694,EST,234.5,7045335,GTL,73118,Climate-Auto,,,,,,,,2024-11-18 00:00,2025-11-06 12:30,2024-11-18 10:00,2025-11-06 12:30,2024-11-18 00:00,2025-11-06 00:00,,,Y,N,N,,
55779,ILE D'ORLEANS - QUAI DE ST-JEAN,QC,QUEBEC,QUÉBEC,CAN,46.9157,-70.89636944,EST,4.6,70132G0,GOJ,73054,Climate-Auto,,,,,,,,2025-10-17 08:00,2025-11-06 12:30,2025-10-17 08:00,2025-11-06 12:30,2025-10-21 00:00,2025-11-06 00:00,,,Y,N,N,,